"MSPEC","CIE_L.hd","CIE_a.hd","CIE_b.hd","R.hd","G.hd","B.hd","CIE_L.fd","CIE_a.fd","CIE_b.fd","R.fd","G.fd","B.fd","CIE_L.fv","CIE_a.fv","CIE_b.fv","R.fv","G.fv","B.fv","CIE_L.hv","CIE_a.hv","CIE_b.hv","R.hv","G.hv","B.hv"
"757",32.6564,6.7353,21.5668,97.5317,72.844,40.2634,38.9667,8.8114,27.5174,118.5405,86.3684,43.32,44.9704,9.3,30.2367,135.9578,100.3079,53.3268,48.9238,9.3773,31.9306,146.966,109.407,61.361
"796",41.7682,3.3819,8.895,109.7737,96.319,84.1391,43.8919,4.3428,11.0519,117.7349,100.7607,85.6499,52.2328,3.9056,13.339,139.8324,121.5867,102.0637,48.2699,3.4837,13.0771,128.7972,111.9681,92.7587
"797",41.1773,4.9892,5.7377,108.739,94.2361,87.9154,44.0893,5.0369,9.8921,118.5724,100.8901,88.0267,54.2738,4.0888,12.8918,145.3402,126.73,107.9347,53.2204,3.4045,13.261,141.6003,124.4198,104.6178
"805",77.8508,-7.2376,55.5956,210.0247,193.9975,80.5291,67.8692,-4.7129,52.5405,185.7686,167.2214,60.604,75.4545,-4.5665,54.4988,207.274,186.3365,77.3846,79.0215,-7.0706,61.9923,216.4097,196.9549,71.5829
"811",35.1433,3.7112,4.1043,91.2279,80.6582,76.3875,37.1371,4.0185,5.2645,97.1635,85.0023,79.171,51.5833,3.763,10.7233,136.6129,120.3575,105.0555,52.9042,2.9515,11.3291,138.9687,124.0043,107.1115
"845",42.4015,6.4556,-5.652,105.8718,97.063,109.4557,42.4809,5.0421,-2.1701,106.6947,97.8457,104.148,54.2538,3.8592,11.0507,143.9489,127.0256,111.1682,57.0819,3.0187,11.8259,150.4491,134.6553,116.7111
"848",33.6603,3.0976,4.4572,86.9593,77.3111,72.2245,34.6826,3.4295,5.2222,90.388,79.5366,73.4899,48.5393,4.3136,10.9668,129.7369,112.3635,97.2171,51.9105,3.8515,14.0484,139.4158,120.8339,100.0599
"883",23.9833,2.4602,-3.1338,58.5686,56.0429,61.7259,76.6951,1.4917,8.9467,200.202,188.9701,173.7767,38.8187,3.1071,0.7976,98.971,91.7667,91.6198,42.8541,5.5464,8.1486,116.3835,99.6533,87.6692
"931",37.1732,6.277,20.3295,107.8712,83.5582,53.9668,47.0324,6.8796,26.8352,136.7587,106.7317,65.3482,48.9251,7.6113,28.3479,143.4093,110.9506,67.0532,55.2929,7.2281,32.9037,161.5795,126.6305,74.4072
"950",24.4229,8.5082,6.4406,74.2653,54.1278,49.1379,14.6697,8.2064,-3.3988,47.0352,34.1339,42.8255,30.7607,9.0948,8.4535,91.0589,67.7923,60.3552,30.2891,10.0223,14.262,93.1846,65.2584,49.6885
"1015",48.7667,5.1885,7.4157,129.2162,112.8041,103.6795,45.0563,6.8406,2.7445,118.995,102.7518,102.3575,68.0519,5.4943,15.762,186.5877,161.7322,137.9722,66.7868,5.2742,18.3287,184.0894,158.5109,130.2171
"1019",76.4762,-6.9022,46.0802,203.6823,190.3274,100.7608,70.0646,-4.1033,45.3033,190.6056,172.5428,86.1078,78.852,-5.9456,52.8214,214.3107,195.9695,91.7557,77.3534,-6.5457,48.7784,207.9359,192.3113,97.9
"1024",46.052,7.1586,4.0049,123.3937,105.1589,102.6057,41.2994,8.1667,1.3352,111.4552,92.8816,95.4617,65.4647,5.1321,17.6815,179.8781,154.9673,127.7658,62.1992,5.0756,17.9438,170.9575,146.5889,119.102
"1032",31.9039,7.5573,13.2453,93.5592,70.82,54.3175,30.0649,9.2919,13.7204,91.8561,65.8206,49.2447,48.8421,7.5463,18.1164,139.1586,111.4278,85.9721,53.1402,5.4394,16.1996,146.2553,123.0817,99.4825
"1042",72.5976,-0.6239,13.2925,186.9897,177.6887,154.0039,71.4794,1.0956,14.6162,188.3624,174.1644,149.2177,77.7432,0.7325,16.638,205.6214,190.8768,161.5423,74.8775,-2.5912,26.1342,197.4085,184.3051,136.0707
"1046",45.4103,8.0255,1.3774,121.1808,103.1997,105.5007,42.8072,8.8428,-0.7569,114.5511,96.2903,102.6161,56.8574,6.1941,14.6362,156.6668,132.3071,111.7112,58.3724,6.6751,16.6818,162.5096,135.8734,112.022
"1049",80.9537,-8.0073,77.8871,223.7272,202.3543,34.9582,67.4561,-4.7099,72.369,189.9627,166.6145,15.1592,77.0372,-5.0423,66.8391,214.7996,191.0638,44.5313,80.3593,-7.5848,78.7363,223.8826,200.7402,20.2824
"1070",32.9663,12.0874,16.2731,103.503,70.2217,52.7057,32.7784,17.4591,21.2627,110.8821,65.5277,43.527,42.2204,10.8811,16.1688,125.8263,92.8772,73.7439,37.7814,10.7087,13.6177,113.071,82.467,67.6101
"1082",80.8198,-5.5847,29.6881,209.8752,202.2306,143.5235,83.3913,-5.4444,32.4149,218.2551,209.2261,143.5726,79.3919,-4.8068,26.8729,206.3135,197.9341,146.3385,75.4109,-5.2972,26.4145,194.2233,187.2505,136.8793
"1100",78.3386,-8.6199,63.9414,211.9816,195.739,60.9221,70.4127,-4.8042,52.2812,192.5719,173.6553,68.9543,77.8603,-6.8726,57.9282,211.5943,193.7665,75.7004,79.1513,-8.4488,64.7909,215.1087,197.7771,63.6923
"1118",45.8784,7.7926,2.0958,122.7134,104.3973,105.4075,39.4811,9.2858,-3.7758,105.2461,88.2247,99.3656,65.1659,5.7379,17.1568,179.8008,153.8102,127.9558,68.1366,5.6644,20.1151,189.423,161.6572,130.3798
"1134",79.8342,-8.6283,73.3883,218.7086,199.781,35.8515,65.6026,-4.0362,54.8628,181.3756,161.3311,45.7337,80.1674,-7.0897,66.5356,220.5306,200.0241,56.5013,81.083,-8.7106,77.0873,223.6417,203.0372,29.226
"1163",32.3321,6.8303,20.7407,97.1185,72.4298,41.9842,41.7957,7.7422,26.7794,124.6324,93.9423,53.0122,45.3568,8.5656,26.6334,135.2989,102.117,62.0728,51.4549,8.5901,33.2176,153.4187,116.3218,64.9185
"1167",37.2911,7.9257,26.6984,112.1202,83.7062,39.6885,25.4495,7.7314,15.8844,78.2284,56.6361,32.2151,37.7118,8.5425,24.3627,113.2811,84.3371,44.5149,43.1762,3.2515,20.2097,120.984,101.8868,68.6239
"1174",72.176,0.6422,10.7403,186.8978,176.6032,158.0858,65.3444,0.7473,8.1738,168.2491,160.0568,146.1201,64.5674,1.3734,7.2837,166.6199,157.8661,145.8917,59.4688,5.9093,32.7609,169.9091,139.1412,79.4931
"1206",77.9936,-8.1179,62.9881,211.3745,194.6032,61.1682,67.4439,-4.8705,43.8882,180.6869,165.4878,80.2903,77.2524,-6.3962,53.9451,209.4305,191.9892,84.2433,78.7996,-8.0863,61.6727,213.749,196.6484,71.5367
"1246",34.6726,8.546,20.0112,104.5015,77.0022,49.3445,23.4171,7.3734,10.4946,71.464,52.1484,39.6836,36.1043,8.1863,17.4187,106.8424,80.5577,57.0109,43.9565,2.9383,15.7267,120.6575,104.0045,78.9279
"1263",31.7417,6.4145,16.7632,92.8959,70.6043,48.5622,31.1715,6.9503,16.197,92.0766,69.0768,48.3061,43.6227,7.4125,18.8707,125.6059,98.203,72.2806,47.2558,7.1904,20.4775,135.3138,106.9951,77.9914
"1279",36.0494,7.3306,22.5748,106.9391,80.0149,47.5275,29.8592,5.8693,13.3708,86.1898,66.6113,49.8637,43.29,5.8396,22.771,123.7307,97.9506,64.6469,47.2576,6.1511,27.1078,136.1489,107.3338,66.2088
"1283",33.0691,8.3417,18.3163,99.3187,72.6819,48.2108,27.9842,7.4941,10.4244,82.718,61.6354,50.3964,45.5012,7.3999,26.4259,133.0402,102.2441,63.5675,46.4955,7.2748,26.4208,135.4251,104.8336,65.6744
"1295",29.7231,5.9286,20.4944,89.1133,67.0107,35.4838,42.8286,8.2181,31.3303,128.5792,95.6246,44.8127,45.4036,7.4832,28.1936,134.0151,102.7081,58.219,53.5293,4.2018,33.1406,152.4158,124.1229,69.4875
"1302",75.3285,2.0686,3.6307,192.836,184.4826,179.3042,65.3218,1.0314,4.4748,167.4186,160.8886,153.4074,37.9907,1.3998,10.6757,97.6459,90.3426,71.989,25.7861,5.54,2.2602,69.7898,57.0991,58.129
"1315",68.4877,1.8933,7.5742,178.305,167.5964,155.0782,65.5326,2.2779,6.8701,170.9606,160.0957,148.9996,66.4586,3.1884,7.369,174.3533,161.1563,150.0962,54.643,5.0037,11.7339,148.1625,129.6634,110.9324
"1321",27.2747,6.0589,11.9248,79.7323,60.8895,46.5041,32.0269,6.5827,12.8256,92.326,71.3383,55.5906,36.8727,6.6801,12.8607,104.6259,82.6272,66.5207,42.0778,7.3431,15.1738,119.7844,94.532,74.8184
"1358",16.7629,7.6105,-5.6263,47.9685,38.9155,50.257,13.9852,5.7765,-5.1476,40.4116,34.0394,43.7549,29.6732,9.8146,6.4094,88.3481,64.8332,60.947,35.3506,8.3698,9.118,101.5542,78.5537,69.4523
"1361",29.0998,-1.9471,5.227,72.1402,72.6609,62.6733,17.1396,-1.1715,3.0839,42.7923,43.5169,38.2101,22.6018,0.8447,0.9598,56.9603,54.7394,53.2418,19.6399,3.1569,2.5697,53.0321,45.8518,43.9286
"1389",27.2051,0.3832,-3.1686,62.5612,68.2869,69.7012,13.1011,2.3372,-11.2528,26.073,34.2125,49.29,20.0325,2.7146,-7.7089,46.5416,48.4217,59.7082,16.8856,4.7013,-8.4429,40.2857,39.9633,53.5282
"1394",79.0905,-7.019,49.072,212.122,197.3981,101.374,68.1004,-3.9151,44.5994,185.4276,167.6661,82.4104,79.1383,-5.2448,49.8878,215.3198,196.5388,98.673,79.9092,-5.944,45.7867,215.1692,199.1277,110.7512
"1408",31.1871,7.4896,13.7502,91.8415,68.8444,52.2975,32.2358,7.9278,13.0235,94.7384,71.0021,55.7523,42.3337,8.2306,16.7422,122.4936,94.6178,72.8707,45.7233,7.9802,18.2426,131.5033,102.8219,78.2242
"1410",80.7939,-7.656,50.9597,216.7128,202.2898,101.9469,72.2823,-4.5009,44.4507,195.8181,178.5425,93.6327,80.2208,-5.6637,51.8218,218.4966,199.6857,97.8966,82.2253,-6.7995,51.742,222.8856,205.8046,104.4699
"1482",77.0268,1.0032,5.5567,196.7223,189.3756,180.1198,62.8604,1.2519,5.0393,162.1312,155.1517,146.2505,32.9743,2.7301,8.5179,86.4182,78.3835,64.7694,24.3425,8.8305,1.382,70.5791,52.1198,56.24
"1483",72.6185,3.0645,2.8038,186.3005,176.3763,173.3342,66.0956,2.0442,3.9796,169.6345,161.19,155.5413,34.652,-1.3671,10.4736,85.6479,83.4031,64.0222,28.4451,0.0779,5.9787,70.4606,66.8318,58.2491
"1498",32.5378,6.8759,16.1105,95.3182,72.4114,50.9867,26.0914,6.1977,9.3087,75.912,58.1696,47.9576,40.0191,7.0839,23.2808,117.1236,89.3355,56.4217,41.9434,6.5294,22.1487,120.8719,94.3581,62.5618
"2531",25.8091,6.3456,9.2114,75.4995,57.7361,47.3686,25.1898,7.0477,7.5382,74.2301,55.9267,48.5985,33.3746,7.2232,14.124,97.2383,74.2559,56.3938,39.0755,7.1406,16.3975,112.2507,87.4313,65.7387
"2533",29.8876,5.7474,14.343,86.4276,66.7957,48.4047,29.7874,6.5865,13.0167,86.8952,66.1334,50.3421,34.4834,6.695,14.6924,99.4623,76.9376,58.1944,40.4654,5.9117,16.7199,114.062,91.3177,68.377
"2708",22.0876,7.829,8.9049,68.5585,48.8795,39.3018,31.3399,8.0907,12.4125,92.6099,69.2863,54.1392,30.9369,8.5865,13.195,92.6273,67.8828,52.4987,28.3328,11.4409,10.6036,88.6019,59.9756,51.0917
"2737",18.4868,3.1032,-0.5448,50.4765,45.1517,47.0613,19.6375,3.3982,-0.9899,52.107,46.3767,49.2729,24.442,3.6601,0.6291,64.1204,56.5222,57.4015,21.0716,4.9875,-0.0015,58.5006,48.9625,51.6481
"2746",37.595,4.8784,4.8543,99.3863,85.686,80.9,36.7105,5.2261,5.9761,98.3364,83.2904,77.0319,49.2818,4.2475,12.2662,132.2534,114.3203,96.9781,49.088,4.7652,13.8225,133.4093,113.6714,94.0417
"2769",35.299,4.431,1.8911,91.3107,80.7707,80.2516,32.9736,4.4667,0.8392,85.1153,75.2863,76.4458,46.5572,3.7187,10.1123,123.1872,107.9665,93.9212,47.7266,4.1143,12.4015,128.0009,110.6932,93.0774
"2773",21.6516,-2.2826,-0.5054,48.3283,55.517,53.2926,13.382,-1.4658,-5.0114,27.8193,35.9756,41.4169,16.8669,-0.1569,-3.7551,38.7553,42.8131,47.1898,12.7269,-0.1905,-5.4321,26.9161,33.4467,40.4755
"2776",30.5565,3.9998,8.1947,82.9659,69.6704,59.5097,28.5779,3.5017,4.1108,75.3415,65.5882,61.2974,29.1187,3.6155,5.2501,77.2838,66.6823,60.7609,29.1358,3.7669,5.8179,78.3333,67.073,60.1769
"2777",34.5001,2.8423,2.9855,89.8692,82.4018,78.6462,26.0351,2.6607,0.2938,66.9816,62.7406,63.1164,42.6232,5.4052,9.9536,115.4996,98.4029,86.0905,44.0348,6.1332,11.0262,120.6275,101.0182,87.5715
"2778",36.5718,1.5402,2.9904,93.3651,88.4749,84.0184,25.8564,1.8002,0.2297,65.3917,62.8067,62.8248,45.3445,5.8222,11.8566,123.3112,104.2011,88.9742,48.1113,6.3579,12.4623,131.4346,110.6739,94.7939
"2779",64.6173,-6.7279,30.8327,163.7411,159.0489,100.2167,57.6494,-5.0671,29.2733,148.4545,141.5038,85.9984,66.1603,-3.3609,21.1765,168.9564,161.4798,122.6229,65.9519,-4.8788,23.2901,167.2222,161.6307,118.2625
"2798",40.8872,5.411,2.9376,106.3542,93.5876,92.0868,39.5264,5.5412,4.498,104.2385,90.0311,86.2064,47.5081,5.0849,14.5275,130.0713,109.1777,88.7168,45.7748,4.4392,11.8504,123.2798,105.5219,89.0837
"2800",33.2256,5.5011,5.4073,90.0139,75.0128,69.8459,31.7117,5.7663,4.177,86.126,71.3333,68.2736,45.9528,4.4353,14.0145,124.7881,105.5893,85.7055,46.4816,4.5499,14.1958,126.3397,106.8406,86.6589
"2803",32.6942,4.6847,5.9095,87.8509,74.345,67.8675,31.3782,4.3503,2.9216,82.3483,71.4336,69.4911,47.9681,4.9617,17.821,132.6036,110.0631,84.1042,47.3459,4.7405,16.2338,129.9124,108.8808,85.3466
"2821",36.4573,-3.2954,11.0667,89.5978,89.7912,69.4393,31.202,-4.1184,8.1269,74.4738,77.9404,61.8735,42.9525,0.4628,12.4975,112.7053,102.8363,82.161,51.1504,1.6206,19.9836,138.417,121.8037,88.5119
"2822",70.1804,-0.9968,10.3878,177.8086,171.6547,152.9564,70.5756,-0.2524,11.196,181.1091,172.6822,152.8844,74.8,-0.9352,16.0302,194.0746,184.0325,154.9736,71.5408,-3.9853,25.5298,185.1758,176.0477,128.4141
"2827",39.6703,4.6533,7.3583,104.9843,90.775,81.8529,39.778,4.7205,10.8157,107.4375,90.7161,76.4169,51.6874,5.6505,16.1852,142.8068,119.415,96.3177,47.707,3.9249,12.1644,127.5739,110.6392,93.321
"2846",62.1867,0.3253,10.4206,159.6872,150.9571,133.1035,53.052,1.5526,8.8925,138.1162,128.4649,114.128,58.4412,2.684,13.3386,154.9443,140.1574,119.3655,58.6282,2.4113,27.0635,161.6258,139.122,93.6928
"2848",65.5189,-4.6241,21.9662,165.3561,160.6869,119.3212,59.582,-3.6006,25.4019,154.2987,145.9083,98.4465,66.6814,-2.1173,20.638,171.9835,162.2325,124.7791,66.3151,-4.3586,23.9793,169.2645,162.2716,117.6622
"2859",33.7293,4.322,4.1101,87.0291,77.2094,73.2388,30.183,4.6251,-2.5429,73.8463,69.5012,76.1567,44.3934,5.2529,14.3638,122.2791,101.4477,81.6341,41.7914,4.8326,11.2775,113.3562,95.4228,80.4331
"2861",31.6305,4.2778,5.8689,84.5073,71.9527,65.3562,30.3629,4.0992,4.2532,80.3819,69.1628,65.0494,44.747,3.7156,14.3067,120.6701,102.995,82.2931,42.8245,4.0742,12.7487,115.5746,98.2887,80.3692
"2879",30.2701,9.659,11.2247,91.7522,66.3294,55.1281,28.7714,10.0747,8.4021,87.6932,62.9453,56.0432,15.8192,13.3785,-0.2068,57.5023,32.7037,40.6841,27.4035,10.0854,7.1738,84.0563,60.28,55.1221
"2881",24.9088,6.3819,5.262,72.7622,57.105,52.1534,12.6303,4.7002,-0.0652,40.0929,31.5783,33.637,27.9485,6.3137,6.3442,80.4286,63.9731,57.3787,31.5771,6.7978,11.3732,91.4938,71.152,57.7565
"2916",53.7401,0.9218,8.6281,137.0531,129.0084,115.0649,50.2924,2.3032,8.2447,130.9592,120.4287,108.0407,56.1219,2.7427,11.5774,147.5016,133.802,116.2023,59.133,-1.843,28.3135,156.3495,142.9357,91.5849
"2944",26.7963,-0.3553,0.7825,63.2597,65.4958,63.8271,24.5718,-1.6223,-1.3559,51.89,60.2889,61.3959,32.9448,3.7322,6.8029,86.6504,75.9655,67.9924,32.6052,4.3453,9.8295,88.5598,74.6716,62.2816
"2990",23.4265,3.862,4.8841,66.0662,55.3729,49.7602,12.9128,2.5592,0.6312,38.4647,33.3652,33.398,29.7033,4.9223,7.7565,83.3907,68.5825,59.2883,30.8442,5.9039,11.162,88.3907,69.9359,56.4287
"3016",34.845,6.3267,-6.8539,86.0916,79.2802,93.0222,35.6236,5.5878,1.0856,93.0379,80.8719,82.4001,44.9749,3.4306,8.8548,117.9993,104.1048,91.9505,47.7487,3.0212,10.1922,125.1243,111.1263,96.4188
"3025",38.7205,7.9653,21.6097,114.913,86.8065,55.9865,29.9199,10.1917,12.9866,91.9291,65.1888,50.6004,35.1826,10.7028,16.4107,107.0536,76.8486,57.1927,47.3007,4.8067,19.9698,131.4562,109.3419,78.8663
"3026",34.8811,0.3565,11.7452,92.5443,84.3283,64.7782,30.7205,-0.3803,9.2839,80.4539,75.0796,59.1064,41.6443,1.5533,13.7559,111.538,99.0444,76.9082,50.153,2.9235,22.4512,138.2834,118.2277,81.4339
"3027",37.1461,-2.6942,13.658,94.0481,90.6003,67.1565,32.2661,-3.59,10.8978,79.8106,79.7118,60.3692,42.261,0.3744,12.6141,110.3692,100.7928,80.3765,50.4668,1.7549,19.787,136.097,119.5747,87.1643
"3052",67.9834,-6.4897,47.7886,180.2106,167.0155,72.464,58.8356,-3.42,49.0028,161.4113,143.2437,43.0128,67.8698,-4.4114,49.8177,184.1913,165.9319,67.5604,69.6267,-7.0656,48.7675,184.5228,171.7572,75.8555
"3054",38.9411,8.7453,25.5588,118.4911,87.3518,48.6857,26.6208,10.9815,14.3414,85.4974,57.8903,39.2136,35.0655,11.8511,17.5709,108.9976,76.3546,54.4185,49.7046,5.6289,24.4571,140.8938,115.0156,76.2531
"3109",64.106,0.0599,11.4488,164.522,155.4864,135.6178,59.2526,-0.1516,8.0339,150.0849,144.3357,129.9635,55.4118,0.0852,6.3465,139.65,134.9083,123.4514,49.4175,9.7491,32.6177,146.9857,109.5476,57.6068
"3122",32.5162,11.2018,16.92,101.2291,69.5085,50.4639,32.4158,13.2782,18.3497,104.2106,68.0007,47.8671,37.9744,10.3414,19.239,114.9993,82.7206,58.7734,36.011,10.4523,18.123,109.5733,78.0323,56.1541
"3133",31.9109,6.4102,12.7841,91.7903,71.1493,55.45,37.784,6.2104,12.6613,106.0438,84.9962,68.9236,36.3013,5.6997,12.9342,101.6901,81.7264,65.0271,40.6068,5.6285,14.7764,113.2418,91.9002,71.9077
"3134",26.3769,7.066,11.2494,78.4441,58.211,45.5262,27.8121,7.0621,10.2579,81.6155,61.5608,50.259,30.2821,6.645,11.3813,87.4339,67.2669,53.9609,36.1939,6.1641,13.5701,102.3786,81.2049,63.7939
"3140",33.4459,4.5048,5.0046,88.2937,76.1912,71.0679,31.567,5.0491,0.899,81.8877,71.9072,73.4263,45.4039,4.7301,14.5936,124.1748,104.1411,83.5591,43.1743,4.4994,11.8938,116.7812,98.9764,82.7098
"3310",37.8484,4.8513,4.5796,98.8325,86.5905,82.0827,38.361,5.7478,10.0963,104.8975,86.9064,74.2798,50.1114,5.1713,15.7233,137.6139,115.6965,93.1796,47.6277,4.668,12.5114,128.8723,110.2593,92.7183
"3320",57.0917,1.5759,6.5732,146.6886,138.0836,127.4518,57.247,1.8775,7.2008,148.4142,138.6579,127.1126,56.6543,2.2061,8.0058,147.4563,136.525,123.9401,49.5866,2.9671,9.0377,130.4428,118.1419,103.9642
"106",31.6053,10.1864,16.9818,97.3951,68.2985,47.7871,28.6641,13.0519,20.3393,95.5706,60.5287,33.567,40.9334,7.6701,17.9272,118.7497,91.8793,67.6751,46.7093,6.7596,22.874,134.5045,106.1729,72.5814
"11",40.2229,5.6736,7.2693,110.1595,93.5713,85.5387,29.4393,6.5015,3.7734,83.3187,68.0954,66.1151,42.7364,7.2694,7.2153,118.2956,98.1499,91.1035,44.9316,7.2804,11.4661,125.7485,103.1723,89.0796
"20",21.4474,16.9336,6.8318,77.5608,40.5913,41.7627,21.7946,15.2432,1.1157,74.1826,43.6281,51.653,37.5878,19.1326,12.2772,123.1499,74.8232,70.4442,37.4737,9.429,10.9448,109.255,83.136,71.6791
"21",26.7905,19.6075,7.348,94.1063,51.612,51.9195,25.5812,20.4382,2.187,90.4745,48.4462,57.9631,41.3622,17.9244,14.7475,132.8405,85.6699,74.8392,40.4205,9.6585,12.5752,117.965,89.8401,75.7759
"23",35.476,5.3063,-9.2234,84.2668,82.7459,98.9578,31.5643,7.9592,-22.1423,64.5865,72.1281,109.366,51.4776,3.8732,5.895,134.9946,121.8598,114.3832,47.4859,1.6208,4.6853,119.7861,113.6819,106.6694
"25",38.4124,5.8922,5.4264,102.9197,86.9986,81.8341,42.5688,5.8205,8.7188,115.2247,96.8813,86.3652,53.9848,4.5955,13.8561,145.8498,125.6339,105.5858,51.352,4.2804,14.0083,138.5081,119.1671,98.7462
"36",43.8184,6.4756,9.9171,121.4513,101.5527,89.8829,35.8744,7.7199,7.8005,101.9383,81.476,74.2275,44.5758,8.0366,9.2481,124.93,101.842,92.0956,48.8986,7.6347,12.3172,136.6315,112.8073,97.6366
"44",27.1958,8.7046,11.9959,83.0013,59.4434,46.4775,27.2562,12.7229,18.8059,90.7833,56.9927,34.1427,39.0504,8.3819,18.6372,114.9042,86.7775,62.2043,43.8014,7.0065,22.9617,127.123,98.9046,65.6361
"46",22.2039,10.9987,10.0319,73.0368,46.8329,38.5455,21.4075,11.2656,8.7543,70.9858,44.956,38.6934,18.9102,8.7808,1.7682,59.4435,41.8018,43.8101,16.8252,9.0333,2.0441,55.0397,37.0643,38.9608
"50",33.0494,10.0659,18.064,101.2692,71.6309,49.0998,33.1727,10.789,21.3094,104.3032,71.9473,42.9872,41.6719,7.4244,18.5166,120.5906,93.8123,68.4639,42.02,6.8355,19.215,120.9582,94.9523,67.8769
"53",27.6856,9.8019,9.4446,85.1921,60.5063,51.9153,14.2777,8.5089,-5.3862,45.3279,33.4847,44.8584,33.033,8.8484,9.4595,96.9609,73.2699,64.1271,37.0864,9.5939,17.1265,111.1565,81.5643,60.6729
"56",76.9599,1.5501,8.6656,200.849,189.7782,175.2302,73.2693,1.2486,6.7303,189.6488,181.0128,169.7334,72.555,2.2562,5.6668,188.5592,178.4825,169.7184,67.7537,5.2101,41.3461,193.3144,160.9296,82.753
"57",78.3858,1.8439,9.402,205.9056,193.5055,177.6101,74.1013,1.4101,5.7268,191.6406,183.3162,173.6477,71.6022,1.6077,4.5558,184.4707,176.815,169.3245,65.6753,6.7519,42.1815,189.2952,153.9005,77.1559
"58",81.8195,-1.8134,18.5272,213.699,203.3381,168.8299,78.551,-0.9685,15.6781,204.5028,194.5078,165.9614,78.2346,0.4006,31.294,213.8082,191.4936,135.1314,77.8272,-1.3474,39.7822,214.4558,190.9898,117.7622
"61",29.8547,18.8191,11.5207,102.8757,58.2083,52.6543,26.4668,18.9291,3.5445,91.4451,50.85,58.1061,42.9618,16.0334,15.634,134.774,91.084,77.0558,42.369,9.139,14.2754,122.9599,94.7312,77.5135
"78",79.0106,2.5311,6.0098,205.5096,194.0641,184.9315,75.7507,2.6701,6.8513,198.5019,186.2801,175.7217,44.8425,4.4872,9.3761,120.6958,105.3627,91.1499,32.9948,7.9049,8.0337,94.1332,73.0171,65.5062
"7",39.3691,5.2082,4.9684,104.1331,89.8012,84.8553,41.1097,5.3231,6.313,109.5135,93.7648,86.816,51.8931,4.4,12.482,139.363,120.6101,102.7917,51.0256,3.4421,11.5378,134.8211,118.8933,101.9991
"107",51.3573,3.0683,3.0257,131.896,122.9512,119.7625,43.9263,1.3763,0.3631,106.4723,105.2866,105.6541,48.096,5.1169,6.4551,128.285,112.4743,105.217,51.3525,4.724,5.5426,136.082,121.7442,115.5182
"111",23.4121,7.9999,14.6066,73.7528,51.306,32.7166,24.1751,9.0111,14.2754,76.904,52.616,34.1764,31.0246,9.0646,20.5804,96.0438,67.621,39.6382,38.541,9.0736,30.5771,118.0056,84.3538,39.7397
"126",38.5045,6.3845,-2.27,98.3041,87.5488,94.4524,38.5757,6.463,0.3867,100.7587,87.4786,90.5833,52.5367,3.8391,11.0786,139.3673,122.6079,106.7091,56.1617,3.3408,11.2201,148.1226,132.1696,115.5126
"138",27.7693,5.9469,7.7832,79.0303,62.2337,53.9907,24.8198,7.3726,7.7345,73.7849,54.6958,47.5723,30.1748,7.5402,9.648,87.7989,66.6939,56.5107,29.2706,7.309,9.5503,85.1589,64.6993,54.5407
"151",40.4557,5.4663,1.3588,104.5392,92.5309,93.38,40.2954,6.4863,3.3049,107.0815,91.3234,89.8155,55.041,5.1986,13.8158,149.6565,128.0281,108.2613,52.7623,4.7253,13.365,142.5335,122.5844,103.3837
"153",40.0104,4.823,7.7573,107.0371,91.3452,81.9409,42.2741,5.4941,11.5391,115.7622,96.1374,81.0965,55.114,5.0645,14.0758,149.8584,128.3026,108.0243,52.9767,4.8251,12.7672,143.0756,123.0941,104.9232
"200",25.4405,7.7838,16.4748,79.1039,55.783,34.2194,29.1149,9.4321,19.0808,91.1499,63.0087,37.7595,34.5143,8.4287,21.2565,104.1988,75.8373,46.6131,42.4499,8.2776,30.7371,127.4489,94.1598,48.4906
"218",23.263,7.6715,12.148,72.3576,51.3855,36.3557,27.797,9.0087,16.3484,86.3862,60.3713,39.2815,35.4352,8.5289,21.5053,106.8403,77.9888,48.1572,43.1138,9.2303,31.2999,130.8214,95.2969,49.0418
"220",65.2784,-0.0106,-5.5456,151.3144,159.3418,168.6201,57.7669,-2.8495,-16.5628,110.555,142.3766,167.9784,53.6912,4.069,6.6786,140.8609,126.8534,118.5344,56.6016,4.2439,6.7581,148.7192,134.1393,125.699
"236",29.957,10.7166,22.6613,95.9504,64.0792,32.8395,33.7376,12.701,28.9845,109.7285,71.2172,28.6213,41.95,10.881,32.9306,130.3748,91.6048,41.3839,47.5457,10.8483,42.7618,147.9121,104.704,35.4147
"249",53.7992,3.0501,3.512,138.0596,128.9054,125.0024,44.627,1.5998,0.8462,109.1148,106.9617,106.747,50.5847,5.3001,7.4877,135.4634,118.5236,109.7258,53.2104,4.755,6.6807,141.2172,126.2288,118.2866
"261",39.5114,11.9354,31.2339,125.1547,85.7019,39.0428,36.9076,11.864,31.0664,118.2802,79.6067,32.521,58.8313,10.9638,34.0967,177.5554,133.3631,81.7418,59.3596,11.7577,36.9904,181.1651,134.0104,77.5883
"263",36.3805,6.3514,18.72,106.8599,84.1119,52.6122,25.234,5.5048,10.9062,74.2658,58.3981,40.9229,58.4355,6.9184,25.8245,167.2595,135.5469,95.596,65.0805,6.2292,35.9109,188.7248,152.4668,93.097
"268",34.2578,8.9465,20.4286,104.5537,75.525,47.3059,44.3925,8.6641,27.0362,132.3861,99.1898,59.0952,45.1174,9.503,28.5707,136.0424,100.4731,57.4878,49.9419,8.2792,33.2108,148.8297,112.7572,61.3202
"276",24.1423,9.1038,18.3317,78.2235,52.1863,28.1201,31.452,11.0782,26.5097,101.2313,67.1717,28.5282,35.9204,10.0863,28.0629,111.982,78.0155,36.4985,41.0286,11.6879,36.7725,129.6303,88.5529,32.7613
"305",26.5838,6.0186,16.4751,79.8418,59.6249,36.9247,32.6085,7.3683,20.9333,97.9303,72.3567,41.9521,34.9609,7.2656,20.3332,103.9215,78.0462,49.1155,42.3629,6.5265,25.0148,123.1526,95.5001,58.3665
"314",28.5534,8.5223,19.5356,88.7085,62.2243,35.5907,30.0093,9.3656,17.8513,92.7459,64.9294,41.977,35.2771,8.7451,22.6886,107.1087,77.4729,45.7898,43.8952,8.2599,30.7344,131.3105,97.7162,51.7561
"335",23.1549,6.7841,3.8759,68.1425,52.6671,50.4945,28.2948,7.5137,5.0019,81.3124,63.1097,59.6658,31.0968,8.442,7.2591,90.5241,68.8986,62.7567,48.143,7.8895,12.0907,135.3291,110.301,95.5113
"345",21.4987,8.9869,11.5129,70.0487,47.6816,32.3109,24.6442,9.7228,13.2844,78.6229,53.5591,36.0773,28.338,8.8535,15.1887,87.3569,62.153,41.6339,39.5339,8.3287,30.4639,119.9824,87.6278,41.0464
"349",84.9544,-5.8638,30.836,221.5216,213.8352,151.9148,85.4283,-5.2071,31.1164,223.7973,214.8522,151.3725,82.7648,-4.8172,28.7682,216.8223,207.2319,151.4564,80.7215,-4.6455,23.8051,208.837,201.6175,155.886
"357",29.4762,13.9927,13.7825,95.6794,60.7144,49.0796,25.6017,11.3981,10.5636,81.8343,53.7665,45.2101,31.808,11.3911,12.5006,97.8878,67.9526,56.0842,28.4195,14.7578,15.0784,94.6249,57.716,44.4528
"368",34.5779,6.479,11.6914,98.1236,77.3941,63.211,35.3016,7.6541,13.079,102.117,78.3323,62.5763,41.8129,7.0038,17.3058,119.6205,94.1141,70.532,46.2864,5.1705,16.553,128.0419,105.9419,82.2476
"380",27.5524,14.8601,12.0739,91.5345,55.9103,47.4466,24.3513,11.8045,9.0556,78.7107,50.7497,44.7056,27.7948,13.93,10.1067,90.2766,57.2074,50.9655,26.0415,17.2689,12.4269,90.8955,50.7264,43.4721
"383",27.1402,7.9828,19.2411,84.8103,59.9885,31.5149,36.0571,11.5677,32.2061,115.5237,77.5977,26.4902,41.9074,10.838,31.2758,130.256,92.0787,43.4757,48.5632,8.6745,35.5758,146.1785,108.9429,53.3722
"430",34.7964,0.5406,-5.3594,64.4102,82.7564,91.5834,30.8565,0.1967,-6.3717,52.4807,74.0347,84.585,36.1224,8.3861,15.6135,106.1286,79.7573,60.5976,32.2886,8.0313,14.6519,95.6415,71.0021,53.4233
"445",35.0161,2.4918,-5.4762,68.4165,82.341,92.5997,28.8095,3.6043,-13.1473,45.0663,68.4578,90.8634,32.0461,10.6468,13.9982,98.1594,68.9538,54.094,25.9228,11.4285,12.5675,83.4737,54.5884,42.8573
"543",13.9304,7.5609,-7.4704,40.2441,32.9383,46.4799,12.1335,6.5103,-7.9967,35.0697,30.0938,43.7686,28.2181,9.2122,4.9559,83.5997,62.2523,59.9648,33.4254,8.8529,9.994,98.4335,74.312,64.0316
"546",31.4007,8.2651,-0.2096,88.6217,72.2101,76.1783,20.5882,11.0338,-3.3704,63.7255,45.7401,55.1515,38.052,10.87,10.5614,112.9903,84.1749,73.7879,46.8721,8.7864,14.6802,135.0162,106.8194,88.4479
"548",82.7468,-5.9501,29.7958,214.6835,207.7125,148.489,84.4226,-5.5779,31.6283,220.6414,212.232,148.0978,79.5859,-5.1152,27.4593,206.7082,198.6753,145.7545,76.3002,-5.3602,26.7075,196.7977,189.6756,138.7006
"561",29.6035,13.0062,14.0495,94.9235,61.7811,48.9373,22.1594,12.3939,8.8529,73.9878,45.4844,40.4251,27.4757,13.2603,11.0234,88.9059,56.9173,48.9305,26.0462,16.8024,14.9196,91.1742,51.0283,39.7015
"612",27.3071,11.9487,9.9358,86.7889,57.6872,49.9248,25.7899,18.26,12.8716,91.4693,49.5218,41.6325,34.424,10.8351,8.1432,102.2452,74.785,68.5728,29.8943,11.3537,6.2214,90.6182,63.8672,61.2192
"613",31.391,8.3034,6.7054,92.1453,71.1546,65.055,24.5214,10.7045,6.9064,77.7579,53.3425,48.1826,40.3418,12.0627,17.3792,122.9686,88.0718,67.2081,48.9749,9.5436,17.4726,142.3818,110.8552,88.2767
"638",43.0309,6.01,-13.7421,98.9962,101.0342,124.935,31.1428,8.9046,-28.0049,55.4401,71.1969,117.428,46.0901,1.9298,1.8044,115.237,110.1575,108.1704,51.6102,0.3424,2.7115,127.0035,125.2069,120.5001
"670",42.6374,8.1896,23.0697,126.7808,97.1151,61.4559,29.3183,9.1577,16.3908,91.5428,65.0457,41.9578,56.2672,7.192,21.9207,160.0687,129.9632,97.4895,63.3815,5.9711,28.6897,180.8874,148.7969,102.6705
"712",76.7947,1.5069,8.7087,200.414,189.3765,174.6516,72.9063,1.3585,6.3132,188.6325,180.0651,169.4747,72.9761,1.7278,5.5123,188.7158,180.1092,171.0829,66.0193,6.1868,45.872,190.6108,155.2226,75.0744
"715",37.4203,12.2024,26.0864,118.8008,81.1999,43.4888,31.7828,12.9812,25.4887,105.1087,67.6521,29.6655,54.3363,14.299,32.5767,169.2303,119.9307,74.1267,54.5357,14.996,34.7501,171.4817,119.7019,70.4789
"747",21.6082,5.5468,1.8999,61.1063,49.2094,49.2575,33.8973,4.7854,3.1848,90.0062,78.2559,75.8778,35.0733,5.1493,4.9136,94.3762,80.6707,76.0389,29.0555,7.6316,7.0302,83.984,64.2631,58.1073
"748",46.4564,-2.6102,5.8904,112.0971,113.2777,103.6124,40.3241,-4.7017,5.4954,91.7415,98.8759,88.6623,49.4432,-0.784,8.9365,124.4793,119.4444,105.1149,50.4086,-4.098,9.6149,120.799,123.5134,105.8967
"1868",22.1096,9.3728,9.1364,70.5391,47.9997,38.8761,35.6931,7.6509,14.1775,103.4043,79.2776,61.4762,31.8461,6.1898,9.6735,89.7888,71.4374,60.103,34.3891,7.0349,10.9928,97.8889,76.8401,64.0204
"1873",39.7947,6.148,10.0315,109.9613,91.2167,79.4056,31.4948,7.4229,8.4091,90.2774,70.6531,62.5349,36.7124,7.0396,8.692,102.7402,82.9578,73.8606,41.0983,6.1502,10.1714,113.0842,94.189,81.9258
"1884",34.7169,5.1773,-7.9802,83.2414,80.2846,94.5237,29.5036,5.7834,-11.5644,68.2922,67.547,87.5792,49.0332,3.3924,5.7948,127.2911,115.4598,108.021,44.9608,2.1042,5.0261,114.7171,106.6889,99.535
"1912",19.599,8.2882,4.0039,61.0089,43.5658,41.1838,28.0945,7.8294,9.7658,83.2418,62.1258,51.3268,28.8187,8.3074,9.229,85.1865,63.545,54.0273,26.8427,8.8236,6.7881,80.1699,58.777,53.5934
"1916",18.6588,7.0048,-3.1897,53.966,43.1455,50.5146,22.3654,8.1855,-1.4828,64.5967,49.8637,55.9571,26.0832,7.9204,1.8529,75.1071,58.2378,59.481,40.2072,6.762,8.1905,111.1558,91.3178,82.2237
"1919",21.2393,6.8441,-0.3065,61.4708,48.6884,52.1318,24.1756,8.0462,1.1166,70.2295,53.8026,56.2617,25.681,8.9434,2.9555,76.1712,56.7321,57.1677,39.0701,7.8074,8.3543,110.0699,88.2879,79.6261
"1940",26.0271,5.5716,11.9755,75.9556,58.2689,43.6248,31.8371,6.6505,12.7141,91.825,70.7594,55.3101,32.7488,6.145,12.5707,93.427,73.2732,57.5711,38.3554,5.5556,15.7856,107.9295,86.6428,65.0666
"1956",34.2527,3.0365,-0.6094,84.7212,79.0487,81.4763,37.7529,3.336,3.8357,96.6612,86.8561,82.749,49.0647,3.0847,5.9995,126.0608,114.6055,106.6723,47.5374,2.137,5.631,120.3815,111.3269,103.4238
"1985",79.573,-5.196,61.4375,220.4729,197.4318,69.8443,62.8159,-2.1701,52.5947,175.934,153.0954,44.8375,77.0694,-3.2182,51.6828,213.2271,189.6147,88.8572,74.2057,1.4324,37.6644,207.9038,179.5173,112.8814
"1993",26.0736,9.9723,15.6259,83.0982,55.7809,38.0524,24.445,10.1651,14.4404,79.0236,52.107,36.3682,21.0185,8.2934,6.5135,65.7885,46.2466,41.3627,19.3965,8.6305,6.9221,62.505,42.478,37.3925
"2021",32.0433,6.3636,13.0269,92.1096,71.4789,55.3802,35.0175,6.41,13.5372,99.7302,78.3103,61.2035,33.7749,6.7672,13.4987,97.2155,75.2244,58.4674,39.0885,5.8115,16.4762,110.5421,88.2839,65.7202
"2056",24.942,7.1914,8.2323,74.6347,55.8815,47.5421,13.4379,6.3058,-1.5324,42.9915,32.3849,37.4137,27.5517,6.1195,7.988,79.3143,62.3523,53.9016,29.9973,6.0728,12.4753,86.7363,67.2574,51.9372
"2317",71.632,-6.6006,71.8111,197.0187,176.7414,27.0852,57.2679,-0.8947,56.3149,161.9405,138.7181,24.0507,70.8352,-5.6968,59.7961,193.6006,174.099,49.3689,72.5187,-7.473,70.9217,198.6211,179.1011,22.4314
"2324",27.4987,5.8725,8.0426,78.3811,61.6087,53.0071,25.9522,6.6603,8.8471,75.9891,57.5401,48.3522,31.3693,6.7189,12.6089,90.8224,69.7292,54.5212,29.4499,6.5824,12.4778,85.9055,65.4446,50.4355
"2393",27.7783,10.0439,15.4379,87.1156,59.5739,41.9071,26.4839,9.4581,12.0553,82.0218,57.1131,44.4651,26.7165,7.9932,8.5333,79.5134,58.7874,50.6956,24.8703,8.3901,8.452,75.2954,54.4102,46.803
"2450",25.2627,6.1138,7.2815,73.1257,56.6541,49.3056,25.9549,7.3494,9.1778,77.0304,57.225,47.8492,35.8163,6.4169,14.0904,102.0584,80.2934,61.9779,41.5419,4.7781,14.8791,114.3336,94.662,73.8446
"2473",73.2433,-7.3909,75.2094,200.6657,181.1867,31.0659,59.0986,-3.2039,68.0104,167.5591,144.8577,13.3834,74.7658,-6.0442,69.2568,206.3033,184.8855,37.0304,76.3136,-8.861,78.1383,209.1375,190.1858,18.5066
"2477",75.3146,-7.671,55.2429,201.9233,187.3487,74.8119,61.3687,-3.3474,50.3683,169.151,149.9064,46.0929,71.0614,-4.9249,54.8691,194.214,174.7479,64.2272,73.7181,-7.7505,56.3021,197.8714,182.9498,70.2314
"2485",23.8145,8.8031,12.8904,75.433,52.2519,35.9181,30.3407,9.8508,17.9288,94.341,65.7844,41.845,31.2161,8.8011,16.3691,94.9444,68.6234,47.0833,41.3221,7.3267,26.0594,121.9814,92.6165,53.8057
"2487",28.6455,8.2595,18.0387,88.2436,62.8274,38.9663,30.7426,8.9936,18.8629,94.6515,67.025,42.1161,35.8833,8.4316,20.2013,107.749,79.4691,51.7775,43.3523,7.6523,21.0733,126.1899,97.4653,67.9957
"2062",78.4784,-5.119,66.0798,218.3391,194.2232,53.0456,63.4339,-1.8162,56.8368,179.0835,154.1962,34.3434,75.2837,-2.949,52.4856,208.7827,184.6324,81.6617,74.021,-0.4779,42.1186,205.9211,179.9505,103.4818
"2082",31.1376,8.8483,19.3386,95.7091,68.1516,42.1115,38.15,9.0686,23.8678,115.2122,83.9663,49.8807,41.3216,8.2623,25.3861,123.0809,92.0717,54.7263,46.1145,7.0343,26.1916,134.242,104.2701,65.1696
"2116",30.9034,7.749,15.3165,92.1765,67.9923,49.2974,30.3803,7.6418,13.9892,90.1366,66.8482,50.1563,34.1705,8.1211,14.8256,100.6658,75.3711,57.3542,37.6762,8.4309,16.6438,110.5353,83.1656,62.2689
"2195",33.8014,11.1461,25.3665,107.6181,73.3353,36.2404,30.0877,11.498,25.216,98.7504,64.6782,26.6694,49.424,10.8076,28.1206,149.1714,109.9723,70.12,47.7747,11.9691,29.7991,146.8642,104.9305,63.2253
"2208",24.7279,5.8082,12.4474,73.4841,55.3576,40.2712,26.6169,6.039,11.0956,77.6748,59.3111,46.3456,27.7495,6.3873,13.0124,81.6962,61.6508,45.8447,32.6814,6.6139,16.4741,95.3718,72.6608,51.2346
"2309",37.4633,4.4503,-7.6699,88.8517,87.3132,100.758,32.9549,5.543,-13.67,73.7051,75.9776,99.1942,50.2788,3.0976,5.216,130.1845,119.2371,112.2818,45.7755,2.4562,4.4507,116.9071,108.4056,102.1958
"1857",15.6985,5.947,-0.4486,47.1438,36.4638,39.9081,28.643,4.7759,1.3783,76.5127,66.4068,66.7215,27.6942,4.8077,3.1524,75.527,64.2262,61.9276,21.4287,7.073,4.1782,63.8448,47.6703,45.5504
"2179",32.1111,7.3478,13.795,93.9955,71.0141,54.3464,27.485,8.8631,13.18,84.3122,59.5394,45.1598,37.9107,7.6209,17.9618,110.5562,84.2621,60.5795,36.6938,7.34,17.6856,106.877,81.4914,58.2082
"2319",25.2253,6.0476,5.6264,72.0979,56.6211,51.6381,25.1881,7.6268,8.1111,75.2254,55.5,47.8144,35.2429,5.9225,13.2382,99.6351,79.3682,61.9543,42.7217,4.1708,16.005,117.1183,97.9317,74.669
"2351",28.3035,5.9247,9.0652,80.8182,63.3729,53.2223,23.6509,6.5782,7.6252,69.9254,52.5623,45.2002,28.6356,7.3892,7.0019,82.6102,63.4377,57.2289,27.9453,7.482,8.0732,81.5569,61.6825,53.9471
"412",30.757,4.3448,-11.5366,54.9126,72.255,91.7862,26.0698,3.8727,-18.5189,33.6095,62.7267,92.5317,34.4519,10.0596,13.0551,103.3697,75.1577,61.0701,30.4816,10.8973,11.5167,93.8733,65.4413,54.5393
"504",43.626,7.5165,22.0648,127.9088,99.5397,66.5631,31.9348,8.5528,17.6964,97.4721,70.7891,46.372,56.9754,7.2114,20.3816,161.39,131.8528,102.0534,62.5604,6.2664,26.027,177.816,146.474,105.4859
"549",15.0159,8.5645,-7.3824,44.3189,34.9976,48.8912,12.1755,7.534,-8.5903,35.9207,29.7166,44.6599,27.7248,10.1557,5.1972,83.899,60.7149,58.5905,37.2759,10.3463,14.0018,111.5989,82.0576,66.4827
"627",44.7465,6.8576,-8.7783,109.8869,104.0323,121.1444,31.903,12.4975,-25.9149,65.7226,70.7508,116.1189,52.0627,3.7064,5.9673,135.4024,122.9005,115.3982,54.7836,3.1678,5.7664,141.5804,130.3742,122.7098
"18",43.9199,4.4579,9.1112,117.065,100.9552,89.075,42.7982,3.9027,7.1592,112.5582,99.1058,90.1182,63.4833,4.5544,10.1162,169.0742,150.6152,136.2503,60.4172,4.1458,8.7995,159.1671,142.9789,130.7058
"6",42.686,3.7067,5.9661,111.2214,98.7839,91.4081,40.5597,3.4235,4.2258,104.8406,94.3385,89.6071,63.4895,4.4879,8.8962,168.2735,150.7705,138.4735,67.0548,3.6675,7.7295,175.8132,160.9171,149.8467
"79",37.7456,3.3707,-1.2186,92.8676,87.7258,91.2234,34.8059,2.1209,-0.7398,83.4538,81.2074,83.5153,58.0768,4.1369,7.3098,152.2243,137.0791,127.4294,61.3074,2.7315,6.6518,157.8582,146.2909,136.7346
"1520",23.3727,9.106,16.7183,75.7752,50.9046,27.9119,30.3236,10.8828,25.2939,97.7408,65.0307,26.7427,36.2283,8.7035,26.5492,110.6598,79.9816,39.0146,41.0228,6.302,31.5859,121.0925,92.0257,42.2825
"1545",37.8542,9.9829,29.8679,117.4004,82.7055,37.3575,31.2983,9.95,24.6095,99.0098,67.6823,31.5419,45.5656,9.7878,33.6053,139.2859,101.339,49.7221,49.0048,8.0479,32.3985,145.4042,110.3195,60.8446
"1568",29.8885,7.7406,18.5508,90.9304,66.0881,40.3313,38.7416,8.3132,28.3462,116.9368,85.7581,41.5212,42.711,7.6958,27.5172,126.6132,95.7162,53.8784,48.2346,4.9048,30.4938,138.2341,110.5622,61.8485
"1575",21.5894,8.3116,10.7402,69.0182,48.138,33.5777,20.8394,8.5261,7.9978,66.2745,46.1372,37.3432,29.7145,11.0335,17.3295,94.2989,63.5955,42.7328,28.3169,17.0949,17.4697,98.1224,55.9682,40.5182
"1585",31.7557,7.1862,19.0399,95.2601,70.7015,44.1762,41.8844,7.3581,27.4697,123.6259,93.6622,51.9781,42.9663,6.0883,22.1654,123.3854,97.5732,64.7866,48.8074,4.9255,27.1921,138.7667,112.0549,69.6269
"1586",23.9849,8.1692,14.557,76.4004,53.6437,32.7139,24.9902,6.8648,10.5612,75.5222,56.5248,42.491,34.135,10.9266,20.9471,106.7161,73.767,46.6516,38.2474,14.6465,22.6124,122.389,80.5676,53.7488
"1594",36.3602,2.8257,0.8857,91.2124,84.6192,84.6774,31.8835,2.5498,-2.3787,78.7413,75.5116,80.005,55.3928,1.8299,3.1936,138.4043,131.6252,127.4509,55.1961,1.6487,3.2159,137.6699,131.2766,126.8982
"1596",37.7112,3.6247,2.705,96.8811,87.4104,85.0724,30.7985,3.9244,-0.1224,79.5141,71.7481,73.6625,52.6145,2.5812,5.1718,133.755,123.9387,116.9581,55.9706,2.2301,5.517,142.1955,132.906,125.0251
"1614",39.5961,9.2941,29.4282,120.9274,87.059,43.4025,32.6483,8.5405,22.2243,99.9855,71.5217,40.5808,44.1496,8.3642,29.0377,132.0355,98.6707,55.4,46.6925,8.3538,28.2949,138.3292,104.5362,63.1192
"1648",33.9742,10.9883,25.7513,107.2127,72.9415,36.8811,29.8013,13.2101,24.8628,99.3101,62.1657,28.2921,40.3698,9.0765,26.8882,122.002,89.08,50.1056,38.6206,7.4971,18.9669,112.669,85.974,60.5238
"1650",36.3336,13.3602,31.4106,117.8405,76.7658,31.1733,29.7193,14.0252,25.5935,100.4354,61.6561,26.1926,39.444,11.2743,30.3556,123.5333,85.4958,41.3166,39.7233,9.13,21.2768,118.5308,87.569,59.1296
"1656",36.3025,12.668,29.5669,116.3919,77.0934,35.0406,31.5536,13.2649,26.7139,104.396,66.0675,28.8378,40.352,10.436,28.5868,124.3749,88.2112,46.9212,39.0113,8.9813,19.7101,116.078,86.0586,60.2487
"1660",32.3813,7.4025,16.0057,95.5818,71.5059,51.3788,32.1267,7.8761,15.7809,95.382,70.5963,51.1394,39.6786,6.2478,16.1531,112.433,89.3397,67.6362,42.0169,6.5062,18.4642,119.7993,94.6605,69.1543
"1791",39.312,8.97,19.4742,116.6053,87.0879,60.9264,33.8979,9.6925,14.7226,102.2205,74.4174,56.199,42.4657,10.8682,16.1338,126.3641,93.6638,74.5305,47.1473,6.3142,18.3097,132.7992,108.0079,81.7237
"1813",33.7305,8.0074,16.6721,100.015,74.5395,52.7247,29.7662,9.8916,16.6612,92.7112,64.4064,43.5441,49.6719,8.461,22.661,144.3921,112.4246,79.853,54.8403,6.0411,19.9512,153.7889,126.9133,97.2295
"1815",37.2278,7.1397,16.6885,108.141,83.5659,61.2579,31.8314,7.7483,13.332,94.2051,70.9887,54.3146,40.2222,7.5335,14.0114,114.9191,90.3687,72.508,42.7001,6.1386,11.8277,118.2981,97.3464,82.1667
"1561",21.2676,6.181,10.0171,65.2211,48.4471,34.5022,23.2612,6.1662,9.6249,69.591,52.541,40.3402,32.1952,9.6901,18.7213,99.2371,69.8971,46.2779,35.3307,12.666,19.5667,111.1761,75.0546,52.2685
"1615",35.1972,9.3099,25.5122,108.3352,76.7911,40.7993,31.5612,8.6918,20.6094,96.8268,69.0032,40.9402,40.2343,8.1809,21.5944,118.7794,89.5195,59.3972,41.2469,7.4597,19.3238,119.3601,92.1915,65.7729
"1747",21.9048,4.9573,6.0633,63.4958,50.1818,43.9883,29.1572,7.459,15.9235,87.7787,64.6489,42.0293,35.0313,6.6382,16.2323,101.4291,78.6413,55.6944,27.5666,5.3318,9.3378,78.4292,62.202,51.141
"1783",33.8278,7.1945,19.0732,100.1934,75.2342,49.2662,28.604,6.4204,14.3576,84.6751,64.0001,45.3796,35.6858,6.9068,13.7794,102.1624,79.7825,62.4441,36.182,4.3049,11.3671,98.8756,82.6997,67.5565
"3636",29.4426,6.7035,3.7518,81.9919,65.8735,63.9165,29.024,7.2261,3.6756,81.6714,64.5501,63.0205,49.4471,4.4746,9.9153,131.793,114.5831,101.1066,56.243,3.9408,10.8609,149.2176,132.0412,116.3466
"3677",14.7974,6.0058,-1.1521,45.1172,34.8046,39.1583,18.9281,10.0041,6.7576,62.8344,41.1707,34.138,26.7006,8.6509,10.4415,81.3288,58.9175,46.0063,20.9561,7.2242,2.523,62.4405,47.1802,46.9217
"3679",16.7685,5.0464,1.9719,49.8654,39.2108,38.8475,22.1615,7.6277,9.2014,68.6728,49.3475,38.2348,27.048,7.3015,11.8675,81.0308,60.2296,45.033,20.1959,6.2794,5.3726,60.7342,45.6355,41.23
"3686",29.0881,6.4443,3.2463,80.4903,65.174,63.8534,27.5777,7.3995,3.5307,78.3995,61.1059,59.9895,51.8916,5.2164,11.8879,140.5341,120.2349,103.876,58.6923,4.0074,10.9896,155.9162,138.2924,122.3175
"3688",26.9839,6.1277,2.8664,74.8369,60.6848,59.7335,27.295,6.5729,3.8625,76.7066,60.9745,58.8636,48.3138,4.229,8.0621,127.3791,112.0386,101.4853,52.1937,3.2148,7.5663,135.4036,122.3849,111.9103
"3703",71.9396,-1.1685,10.4527,182.2692,176.4871,157.4382,71.7548,0.2464,11.0126,185.1004,175.6042,156.4171,72.1998,-0.4301,12.9991,185.7824,176.6285,153.5013,66.4481,-3.5345,23.2895,170.7345,162.3055,119.5565
"3711",23.8246,7.7774,11.4581,73.4865,52.1968,39.9593,30.8475,7.0901,13.2979,90.188,68.232,52.3175,30.3546,7.336,12.6087,89.0483,66.9943,52.3162,35.0734,6.7924,13.0013,100.1724,78.1605,62.1622
"3712",27.8836,8.0195,10.7908,83.3168,61.1911,49.7414,31.9963,7.6427,12.346,93.4372,70.5501,56.2802,31.3749,8.305,12.172,92.7525,68.8438,55.3201,37.8409,7.5053,13.7131,108.4943,84.2302,67.3147
"3714",18.5988,8.2301,4.9758,59.4066,41.0665,38.475,23.3243,7.7521,7.3042,70.6248,51.3643,45.0491,28.121,8.4737,9.2418,83.9986,61.6445,52.689,36.0716,9.2029,11.9704,105.7848,79.3111,66.1927
"3845",28.8023,12.5093,18.6508,94.0324,60.6705,38.8391,21.9015,11.5723,8.9899,72.4302,46.0265,39.2294,27.633,9.8024,11.8625,85.4167,60.0125,47.2409,34.8925,4.4213,13.8402,98.4711,81.1179,60.546
"3912",29.7336,7.5385,12.217,87.6701,65.8004,51.0508,29.5119,8.6632,13.208,89.1114,64.6591,48.8794,44.438,8.2245,20.1266,129.2495,99.8477,71.8785,51.5335,5.8593,21.0942,145.0064,118.4973,87.1376
